Draw Time,Odd/Even (Prediction & Accuracy %),Big/Small (Prediction & Accuracy %),Final Estimated Result,Recommended Bet
2025-03-21 18:04:00,Prediction: Odd (100%),Prediction: Small (37%),Odd (100%),No
2025-03-21 18:00:30,Prediction: Odd (100%),Prediction: Small (29%),Odd (100%),No
2025-03-21 17:57:00,Prediction: Odd (100%),Prediction: Small (3%),Odd (100%),No
2025-03-21 17:53:30,Prediction: Odd (100%),Prediction: Big (87%),Odd (100%),Yes
2025-03-21 17:50:00,Prediction: Odd (100%),Prediction: Small (41%),Odd (100%),No
2025-03-21 17:46:30,Prediction: Even (0%),Prediction: Small (20%),Small (20%),No
2025-03-21 17:43:00,Prediction: Odd (100%),Prediction: Small (6%),Odd (100%),No
2025-03-21 17:39:30,Prediction: Even (0%),Prediction: Big (71%),Big (71%),No
2025-03-21 17:36:00,Prediction: Even (0%),Prediction: Small (6%),Small (6%),No
2025-03-21 17:32:30,Prediction: Odd (100%),Prediction: Small (5%),Odd (100%),No
2025-03-21 17:29:00,Prediction: Odd (100%),Prediction: Big (99%),Odd (100%),Yes
2025-03-21 17:25:30,Prediction: Even (0%),Prediction: Small (20%),Small (20%),No
2025-03-21 17:22:00,Prediction: Odd (100%),Prediction: Small (19%),Odd (100%),No
2025-03-21 17:18:30,Prediction: Even (0%),Prediction: Small (0%),Small (0%),No
2025-03-21 17:15:00,Prediction: Even (0%),Prediction: Big (61%),Big (61%),No
2025-03-21 17:11:30,Prediction: Even (0%),Prediction: Big (51%),Big (51%),No
2025-03-21 17:08:00,Prediction: Odd (100%),Prediction: Small (43%),Odd (100%),No
2025-03-21 17:04:30,Prediction: Odd (100%),Prediction: Small (22%),Odd (100%),No
2025-03-21 17:01:00,Prediction: Even (0%),Prediction: Small (32%),Small (32%),No
2025-03-21 16:57:30,Prediction: Odd (100%),Prediction: Big (59%),Odd (100%),No
